freq_mhz,dbfs
0.000781,-102.642
0.001562,-138.298
0.002344,-103.252
0.003125,-138.298
0.003906,-140.051
0.004687,-138.298
0.005469,-101.422
0.006250,-138.298
0.007031,-106.919
0.007812,-138.298
0.008594,-111.281
0.009375,-138.298
0.010156,-117.026
0.010937,-138.298
0.011719,-105.716
0.012500,-138.298
0.013281,-108.945
0.014062,-138.298
0.014844,-120.417
0.015625,-138.298
0.016406,-107.259
0.017187,-138.298
0.017969,-118.582
0.018750,-138.298
0.019531,-106.508
0.020312,-138.298
0.021094,-111.322
0.021875,-138.298
0.022656,-104.619
0.023437,-138.298
0.024219,-110.734
0.025000,-138.298
0.025781,-108.683
0.026562,-138.298
0.027344,-127.758
0.028125,-138.298
0.028906,0.000
0.029687,-138.298
0.030469,-139.771
0.031250,-138.298
0.032031,-105.239
0.032812,-138.298
0.033594,-105.165
0.034375,-138.298
0.035156,-101.339
0.035937,-138.298
0.036719,-107.153
0.037500,-138.298
0.038281,-112.296
0.039062,-138.298
0.039844,-111.814
0.040625,-138.298
0.041406,-110.542
0.042187,-138.298
0.042969,-128.382
0.043750,-138.298
0.044531,-124.682
0.045312,-138.298
0.046094,-102.672
0.046875,-138.298
0.047656,-113.674
0.048437,-138.298
0.049219,-117.965
0.050000,-138.298
0.050781,-109.305
0.051562,-138.298
0.052344,-107.130
0.053125,-138.298
0.053906,-115.343
0.054687,-138.298
0.055469,-106.496
0.056250,-138.298
0.057031,-107.057
0.057812,-138.298
0.058594,-117.371
0.059375,-138.298
0.060156,-103.247
0.060937,-138.298
0.061719,-116.708
0.062500,-138.298
0.063281,-142.959
0.064062,-138.298
0.064844,-115.068
0.065625,-138.298
0.066406,-122.017
0.067187,-138.298
0.067969,-109.165
0.068750,-138.298
0.069531,-107.954
0.070312,-138.298
0.071094,-106.332
0.071875,-138.298
0.072656,-103.847
0.073437,-138.298
0.074219,-115.255
0.075000,-138.298
0.075781,-102.127
0.076562,-138.298
0.077344,-123.914
0.078125,-138.298
0.078906,-126.711
0.079687,-138.298
0.080469,-106.504
0.081250,-138.298
0.082031,-106.508
0.082812,-138.298
0.083594,-101.369
0.084375,-138.298
0.085156,-135.316
0.085937,-138.298
0.086719,-124.435
0.087500,-138.298
0.088281,-104.703
0.089062,-138.298
0.089844,-116.950
0.090625,-138.298
0.091406,-118.014
0.092187,-138.298
0.092969,-101.081
0.093750,-138.298
0.094531,-118.067
0.095312,-138.298
0.096094,-105.124
0.096875,-138.298
0.097656,-110.628
0.098437,-138.298
0.099219,-118.471
0.100000,-138.298
0.100781,-111.124
0.101562,-138.298
0.102344,-111.875
0.103125,-138.298
0.103906,-105.355
0.104687,-138.298
0.105469,-132.971
0.106250,-138.298
0.107031,-107.901
0.107812,-138.298
0.108594,-110.172
0.109375,-138.298
0.110156,-124.050
0.110937,-138.298
0.111719,-107.202
0.112500,-138.298
0.113281,-124.176
0.114062,-138.298
0.114844,-118.414
0.115625,-138.298
0.116406,-109.748
0.117187,-138.298
0.117969,-111.729
0.118750,-138.298
0.119531,-110.668
0.120312,-138.298
0.121094,-140.611
0.121875,-138.298
0.122656,-106.653
0.123437,-138.298
0.124219,-103.709
0.125000,-138.298
0.125781,-109.988
0.126562,-138.298
0.127344,-125.615
0.128125,-138.298
0.128906,-106.938
0.129687,-138.298
0.130469,-119.863
0.131250,-138.298
0.132031,-113.229
0.132812,-138.298
0.133594,-121.059
0.134375,-138.298
0.135156,-104.682
0.135937,-138.298
0.136719,-116.137
0.137500,-138.298
0.138281,-107.011
0.139062,-138.298
0.139844,-111.058
0.140625,-138.298
0.141406,-102.087
0.142187,-138.298
0.142969,-118.209
0.143750,-138.298
0.144531,-121.478
0.145312,-138.298
0.146094,-107.857
0.146875,-138.298
0.147656,-128.142
0.148437,-138.298
0.149219,-106.176
0.150000,-138.298
0.150781,-105.256
0.151562,-138.298
0.152344,-112.453
0.153125,-138.298
0.153906,-107.241
0.154687,-138.298
0.155469,-120.572
0.156250,-138.298
0.157031,-102.387
0.157812,-138.298
0.158594,-99.895
0.159375,-138.298
0.160156,-105.505
0.160937,-138.298
0.161719,-114.476
0.162500,-138.298
0.163281,-103.483
0.164062,-138.298
0.164844,-100.906
0.165625,-138.298
0.166406,-103.483
0.167187,-138.298
0.167969,-104.088
0.168750,-138.298
0.169531,-111.215
0.170312,-138.298
0.171094,-103.636
0.171875,-138.298
0.172656,-114.778
0.173437,-138.298
0.174219,-109.162
0.175000,-138.298
0.175781,-105.838
0.176562,-138.298
0.177344,-107.533
0.178125,-138.298
0.178906,-107.153
0.179687,-138.298
0.180469,-100.907
0.181250,-138.298
0.182031,-139.102
0.182812,-138.298
0.183594,-99.311
0.184375,-138.298
0.185156,-103.708
0.185937,-138.298
0.186719,-133.109
0.187500,-138.298
0.188281,-123.028
0.189062,-138.298
0.189844,-105.864
0.190625,-138.298
0.191406,-114.755
0.192187,-138.298
0.192969,-110.625
0.193750,-138.298
0.194531,-125.700
0.195312,-138.298
0.196094,-101.329
0.196875,-138.298
0.197656,-110.685
0.198437,-138.298
0.199219,-100.333
0.200000,-138.298
0.200781,-100.916
0.201562,-138.298
0.202344,-103.118
0.203125,-138.298
0.203906,-103.263
0.204687,-138.298
0.205469,-105.431
0.206250,-138.298
0.207031,-109.546
0.207812,-138.298
0.208594,-103.942
0.209375,-138.298
0.210156,-113.507
0.210937,-138.298
0.211719,-102.685
0.212500,-138.298
0.213281,-122.283
0.214062,-138.298
0.214844,-114.395
0.215625,-138.298
0.216406,-135.151
0.217187,-138.298
0.217969,-136.171
0.218750,-138.298
0.219531,-101.888
0.220312,-138.298
0.221094,-127.450
0.221875,-138.298
0.222656,-114.580
0.223437,-138.298
0.224219,-110.389
0.225000,-138.298
0.225781,-100.977
0.226562,-138.298
0.227344,-101.460
0.228125,-138.298
0.228906,-108.683
0.229687,-138.298
0.230469,-106.211
0.231250,-138.298
0.232031,-110.251
0.232812,-138.298
0.233594,-112.037
0.234375,-138.298
0.235156,-107.835
0.235937,-138.298
0.236719,-107.889
0.237500,-138.298
0.238281,-120.292
0.239062,-138.298
0.239844,-108.370
0.240625,-138.298
0.241406,-127.421
0.242187,-138.298
0.242969,-108.438
0.243750,-138.298
0.244531,-102.566
0.245312,-138.298
0.246094,-116.254
0.246875,-138.298
0.247656,-115.404
0.248437,-138.298
0.249219,-114.140
0.250000,-138.298
0.250781,-116.676
0.251562,-138.298
0.252344,-111.914
0.253125,-138.298
0.253906,-124.398
0.254687,-138.298
0.255469,-121.569
0.256250,-138.298
0.257031,-104.905
0.257812,-138.298
0.258594,-105.371
0.259375,-138.298
0.260156,-116.117
0.260937,-138.298
0.261719,-126.704
0.262500,-138.298
0.263281,-110.008
0.264062,-138.298
0.264844,-108.586
0.265625,-138.298
0.266406,-109.806
0.267187,-138.298
0.267969,-129.549
0.268750,-138.298
0.269531,-117.333
0.270312,-138.298
0.271094,-109.412
0.271875,-138.298
0.272656,-110.104
0.273437,-138.298
0.274219,-118.420
0.275000,-138.298
0.275781,-114.645
0.276562,-138.298
0.277344,-116.767
0.278125,-138.298
0.278906,-119.936
0.279687,-138.298
0.280469,-108.863
0.281250,-138.298
0.282031,-112.486
0.282812,-138.298
0.283594,-105.023
0.284375,-138.298
0.285156,-126.790
0.285937,-138.298
0.286719,-110.961
0.287500,-138.298
0.288281,-104.833
0.289062,-138.298
0.289844,-107.122
0.290625,-138.298
0.291406,-102.966
0.292187,-138.298
0.292969,-105.673
0.293750,-138.298
0.294531,-100.008
0.295312,-138.298
0.296094,-113.505
0.296875,-138.298
0.297656,-100.234
0.298437,-138.298
0.299219,-105.306
0.300000,-138.298
0.300781,-108.144
0.301562,-138.298
0.302344,-124.318
0.303125,-138.298
0.303906,-101.401
0.304687,-138.298
0.305469,-116.456
0.306250,-138.298
0.307031,-151.286
0.307812,-138.298
0.308594,-110.559
0.309375,-138.298
0.310156,-110.032
0.310937,-138.298
0.311719,-123.426
0.312500,-138.298
0.313281,-107.329
0.314062,-138.298
0.314844,-126.102
0.315625,-138.298
0.316406,-112.165
0.317187,-138.298
0.317969,-116.694
0.318750,-138.298
0.319531,-128.000
0.320312,-138.298
0.321094,-100.292
0.321875,-138.298
0.322656,-120.010
0.323437,-138.298
0.324219,-102.726
0.325000,-138.298
0.325781,-107.105
0.326562,-138.298
0.327344,-103.505
0.328125,-138.298
0.328906,-120.983
0.329687,-138.298
0.330469,-124.040
0.331250,-138.298
0.332031,-104.742
0.332812,-138.298
0.333594,-106.305
0.334375,-138.298
0.335156,-105.883
0.335937,-138.298
0.336719,-120.304
0.337500,-138.298
0.338281,-123.924
0.339062,-138.298
0.339844,-112.292
0.340625,-138.298
0.341406,-105.044
0.342187,-138.298
0.342969,-116.909
0.343750,-138.298
0.344531,-111.165
0.345312,-138.298
0.346094,-109.359
0.346875,-138.298
0.347656,-109.385
0.348437,-138.298
0.349219,-151.297
0.350000,-138.298
0.350781,-106.838
0.351562,-138.298
0.352344,-114.438
0.353125,-138.298
0.353906,-127.428
0.354687,-138.298
0.355469,-114.868
0.356250,-138.298
0.357031,-107.611
0.357812,-138.298
0.358594,-110.938
0.359375,-138.298
0.360156,-110.910
0.360937,-138.298
0.361719,-114.308
0.362500,-138.298
0.363281,-104.444
0.364062,-138.298
0.364844,-113.361
0.365625,-138.298
0.366406,-116.232
0.367187,-138.298
0.367969,-115.023
0.368750,-138.298
0.369531,-114.840
0.370312,-138.298
0.371094,-111.455
0.371875,-138.298
0.372656,-120.474
0.373437,-138.298
0.374219,-110.308
0.375000,-138.298
0.375781,-113.089
0.376562,-138.298
0.377344,-104.415
0.378125,-138.298
0.378906,-98.265
0.379687,-138.298
0.380469,-104.691
0.381250,-138.298
0.382031,-101.974
0.382812,-138.298
0.383594,-108.033
0.384375,-138.298
0.385156,-133.302
0.385937,-138.298
0.386719,-105.948
0.387500,-138.298
0.388281,-101.634
0.389062,-138.298
0.389844,-101.713
0.390625,-138.298
0.391406,-100.816
0.392187,-138.298
0.392969,-111.701
0.393750,-138.298
0.394531,-117.920
0.395312,-138.298
0.396094,-106.966
0.396875,-138.298
0.397656,-106.619
0.398437,-138.298
0.399219,-113.652
0.400000,-138.298
0.400781,-117.003
0.401562,-138.298
0.402344,-133.726
0.403125,-138.298
0.403906,-103.732
0.404687,-138.298
0.405469,-113.106
0.406250,-138.298
0.407031,-108.083
0.407812,-138.298
0.408594,-118.375
0.409375,-138.298
0.410156,-125.010
0.410937,-138.298
0.411719,-110.057
0.412500,-138.298
0.413281,-125.138
0.414062,-138.298
0.414844,-135.481
0.415625,-138.298
0.416406,-121.246
0.417187,-138.298
0.417969,-105.326
0.418750,-138.298
0.419531,-116.805
0.420312,-138.298
0.421094,-110.208
0.421875,-138.298
0.422656,-116.854
0.423437,-138.298
0.424219,-111.589
0.425000,-138.298
0.425781,-109.198
0.426562,-138.298
0.427344,-104.597
0.428125,-138.298
0.428906,-102.278
0.429687,-138.298
0.430469,-113.427
0.431250,-138.298
0.432031,-115.635
0.432812,-138.298
0.433594,-110.266
0.434375,-138.298
0.435156,-111.385
0.435937,-138.298
0.436719,-100.385
0.437500,-138.298
0.438281,-106.078
0.439062,-138.298
0.439844,-110.585
0.440625,-138.298
0.441406,-109.025
0.442187,-138.298
0.442969,-109.161
0.443750,-138.298
0.444531,-134.756
0.445312,-138.298
0.446094,-108.190
0.446875,-138.298
0.447656,-151.692
0.448437,-138.298
0.449219,-119.947
0.450000,-138.298
0.450781,-110.371
0.451562,-138.298
0.452344,-104.269
0.453125,-138.298
0.453906,-112.102
0.454687,-138.298
0.455469,-109.931
0.456250,-138.298
0.457031,-109.888
0.457812,-138.298
0.458594,-101.174
0.459375,-138.298
0.460156,-106.350
0.460937,-138.298
0.461719,-107.355
0.462500,-138.298
0.463281,-123.596
0.464062,-138.298
0.464844,-105.570
0.465625,-138.298
0.466406,-99.602
0.467187,-138.298
0.467969,-116.954
0.468750,-138.298
0.469531,-110.652
0.470312,-138.298
0.471094,-104.050
0.471875,-138.298
0.472656,-125.902
0.473437,-138.298
0.474219,-125.816
0.475000,-138.298
0.475781,-118.646
0.476562,-138.298
0.477344,-114.429
0.478125,-138.298
0.478906,-107.991
0.479687,-138.298
0.480469,-103.951
0.481250,-138.298
0.482031,-106.349
0.482812,-138.298
0.483594,-105.382
0.484375,-138.298
0.485156,-111.699
0.485937,-138.298
0.486719,-103.072
0.487500,-138.298
0.488281,-109.193
0.489062,-138.298
0.489844,-109.569
0.490625,-138.298
0.491406,-106.223
0.492187,-138.298
0.492969,-104.682
0.493750,-138.298
0.494531,-100.244
0.495312,-138.298
0.496094,-122.799
0.496875,-138.298
0.497656,-120.359
0.498437,-138.298
0.499219,-107.609
0.500000,-138.298
0.500781,-122.651
0.501562,-138.298
0.502344,-112.890
0.503125,-138.298
0.503906,-127.790
0.504687,-138.298
0.505469,-107.247
0.506250,-138.298
0.507031,-114.906
0.507812,-138.298
0.508594,-102.550
0.509375,-138.298
0.510156,-115.548
0.510937,-138.298
0.511719,-101.134
0.512500,-138.298
0.513281,-110.625
0.514062,-138.298
0.514844,-107.244
0.515625,-138.298
0.516406,-108.861
0.517187,-138.298
0.517969,-116.838
0.518750,-138.298
0.519531,-106.736
0.520312,-138.298
0.521094,-139.288
0.521875,-138.298
0.522656,-107.570
0.523437,-138.298
0.524219,-124.515
0.525000,-138.298
0.525781,-105.377
0.526562,-138.298
0.527344,-134.779
0.528125,-138.298
0.528906,-102.873
0.529687,-138.298
0.530469,-103.315
0.531250,-138.298
0.532031,-129.182
0.532812,-138.298
0.533594,-109.590
0.534375,-138.298
0.535156,-103.193
0.535937,-138.298
0.536719,-118.533
0.537500,-138.298
0.538281,-109.017
0.539062,-138.298
0.539844,-116.570
0.540625,-138.298
0.541406,-110.588
0.542187,-138.298
0.542969,-105.977
0.543750,-138.298
0.544531,-126.352
0.545312,-138.298
0.546094,-113.043
0.546875,-138.298
0.547656,-121.620
0.548437,-138.298
0.549219,-113.915
0.550000,-138.298
0.550781,-114.892
0.551562,-138.298
0.552344,-102.184
0.553125,-138.298
0.553906,-106.314
0.554687,-138.298
0.555469,-142.159
0.556250,-138.298
0.557031,-116.305
0.557812,-138.298
0.558594,-111.866
0.559375,-138.298
0.560156,-111.272
0.560937,-138.298
0.561719,-131.235
0.562500,-138.298
0.563281,-118.679
0.564062,-138.298
0.564844,-109.514
0.565625,-138.298
0.566406,-107.464
0.567187,-138.298
0.567969,-103.060
0.568750,-138.298
0.569531,-103.486
0.570312,-138.298
0.571094,-116.679
0.571875,-138.298
0.572656,-108.413
0.573437,-138.298
0.574219,-113.079
0.575000,-138.298
0.575781,-105.568
0.576562,-138.298
0.577344,-120.882
0.578125,-138.298
0.578906,-131.098
0.579687,-138.298
0.580469,-106.652
0.581250,-138.298
0.582031,-113.551
0.582812,-138.298
0.583594,-105.787
0.584375,-138.298
0.585156,-122.010
0.585937,-138.298
0.586719,-108.692
0.587500,-138.298
0.588281,-104.326
0.589062,-138.298
0.589844,-102.963
0.590625,-138.298
0.591406,-103.793
0.592187,-138.298
0.592969,-119.847
0.593750,-138.298
0.594531,-106.330
0.595312,-138.298
0.596094,-109.750
0.596875,-138.298
0.597656,-121.420
0.598437,-138.298
0.599219,-108.040
0.600000,-138.298
0.600781,-121.648
0.601562,-138.298
0.602344,-118.234
0.603125,-138.298
0.603906,-104.403
0.604687,-138.298
0.605469,-103.366
0.606250,-138.298
0.607031,-131.474
0.607812,-138.298
0.608594,-112.479
0.609375,-138.298
0.610156,-98.751
0.610937,-138.298
0.611719,-109.901
0.612500,-138.298
0.613281,-103.584
0.614062,-138.298
0.614844,-114.359
0.615625,-138.298
0.616406,-108.142
0.617187,-138.298
0.617969,-153.816
0.618750,-138.298
0.619531,-115.478
0.620312,-138.298
0.621094,-116.231
0.621875,-138.298
0.622656,-100.739
0.623437,-138.298
0.624219,-103.965
0.625000,-138.298
0.625781,-125.506
0.626562,-138.298
0.627344,-108.508
0.628125,-138.298
0.628906,-159.142
0.629687,-138.298
0.630469,-123.859
0.631250,-138.298
0.632031,-109.843
0.632812,-138.298
0.633594,-115.902
0.634375,-138.298
0.635156,-103.461
0.635937,-138.298
0.636719,-112.706
0.637500,-138.298
0.638281,-111.380
0.639062,-138.298
0.639844,-106.468
0.640625,-138.298
0.641406,-119.637
0.642187,-138.298
0.642969,-116.071
0.643750,-138.298
0.644531,-100.046
0.645312,-138.298
0.646094,-112.438
0.646875,-138.298
0.647656,-105.061
0.648437,-138.298
0.649219,-111.271
0.650000,-138.298
0.650781,-102.560
0.651562,-138.298
0.652344,-117.966
0.653125,-138.298
0.653906,-122.155
0.654687,-138.298
0.655469,-120.027
0.656250,-138.298
0.657031,-114.692
0.657812,-138.298
0.658594,-130.515
0.659375,-138.298
0.660156,-113.157
0.660937,-138.298
0.661719,-109.025
0.662500,-138.298
0.663281,-133.778
0.664062,-138.298
0.664844,-107.556
0.665625,-138.298
0.666406,-109.528
0.667187,-138.298
0.667969,-100.977
0.668750,-138.298
0.669531,-143.779
0.670312,-138.298
0.671094,-103.493
0.671875,-138.298
0.672656,-105.908
0.673437,-138.298
0.674219,-107.568
0.675000,-138.298
0.675781,-131.154
0.676562,-138.298
0.677344,-114.588
0.678125,-138.298
0.678906,-110.066
0.679687,-138.298
0.680469,-114.170
0.681250,-138.298
0.682031,-107.203
0.682812,-138.298
0.683594,-114.112
0.684375,-138.298
0.685156,-100.214
0.685937,-138.298
0.686719,-101.482
0.687500,-138.298
0.688281,-112.255
0.689062,-138.298
0.689844,-104.835
0.690625,-138.298
0.691406,-103.087
0.692187,-138.298
0.692969,-122.293
0.693750,-138.298
0.694531,-105.936
0.695312,-138.298
0.696094,-110.608
0.696875,-138.298
0.697656,-123.875
0.698437,-138.298
0.699219,-112.438
0.700000,-138.298
0.700781,-103.758
0.701562,-138.298
0.702344,-107.945
0.703125,-138.298
0.703906,-103.317
0.704687,-138.298
0.705469,-118.130
0.706250,-138.298
0.707031,-106.401
0.707812,-138.298
0.708594,-113.279
0.709375,-138.298
0.710156,-104.603
0.710937,-138.298
0.711719,-110.004
0.712500,-138.298
0.713281,-104.834
0.714062,-138.298
0.714844,-107.340
0.715625,-138.298
0.716406,-106.832
0.717187,-138.298
0.717969,-110.324
0.718750,-138.298
0.719531,-140.145
0.720312,-138.298
0.721094,-108.288
0.721875,-138.298
0.722656,-120.048
0.723437,-138.298
0.724219,-102.632
0.725000,-138.298
0.725781,-110.332
0.726562,-138.298
0.727344,-110.250
0.728125,-138.298
0.728906,-114.134
0.729687,-138.298
0.730469,-113.957
0.731250,-138.298
0.732031,-106.169
0.732812,-138.298
0.733594,-105.666
0.734375,-138.298
0.735156,-102.776
0.735937,-138.298
0.736719,-128.858
0.737500,-138.298
0.738281,-109.176
0.739062,-138.298
0.739844,-104.817
0.740625,-138.298
0.741406,-108.599
0.742187,-138.298
0.742969,-115.188
0.743750,-138.298
0.744531,-107.435
0.745312,-138.298
0.746094,-102.235
0.746875,-138.298
0.747656,-159.464
0.748437,-138.298
0.749219,-116.040
0.750000,-138.298
0.750781,-104.179
0.751562,-138.298
0.752344,-103.836
0.753125,-138.298
0.753906,-115.598
0.754687,-138.298
0.755469,-101.176
0.756250,-138.298
0.757031,-124.041
0.757812,-138.298
0.758594,-108.923
0.759375,-138.298
0.760156,-101.923
0.760937,-138.298
0.761719,-107.520
0.762500,-138.298
0.763281,-111.444
0.764062,-138.298
0.764844,-119.674
0.765625,-138.298
0.766406,-107.257
0.767187,-138.298
0.767969,-122.662
0.768750,-138.298
0.769531,-115.567
0.770312,-138.298
0.771094,-109.531
0.771875,-138.298
0.772656,-105.257
0.773437,-138.298
0.774219,-104.022
0.775000,-138.298
0.775781,-120.064
0.776562,-138.298
0.777344,-102.520
0.778125,-138.298
0.778906,-110.081
0.779687,-138.298
0.780469,-116.640
0.781250,-138.298
0.782031,-113.905
0.782812,-138.298
0.783594,-103.322
0.784375,-138.298
0.785156,-105.019
0.785937,-138.298
0.786719,-107.390
0.787500,-138.298
0.788281,-112.763
0.789062,-138.298
0.789844,-112.867
0.790625,-138.298
0.791406,-123.272
0.792187,-138.298
0.792969,-103.331
0.793750,-138.298
0.794531,-123.385
0.795312,-138.298
0.796094,-138.641
0.796875,-138.298
0.797656,-102.846
0.798437,-138.298
0.799219,-100.956
0.800000,-138.298
0.800781,-115.943
0.801562,-138.298
0.802344,-124.855
0.803125,-138.298
0.803906,-129.495
0.804687,-138.298
0.805469,-108.018
0.806250,-138.298
0.807031,-107.193
0.807812,-138.298
0.808594,-111.976
0.809375,-138.298
0.810156,-110.985
0.810937,-138.298
0.811719,-99.824
0.812500,-138.298
0.813281,-110.973
0.814062,-138.298
0.814844,-108.410
0.815625,-138.298
0.816406,-102.092
0.817187,-138.298
0.817969,-115.031
0.818750,-138.298
0.819531,-124.354
0.820312,-138.298
0.821094,-114.777
0.821875,-138.298
0.822656,-107.745
0.823437,-138.298
0.824219,-139.022
0.825000,-138.298
0.825781,-119.736
0.826562,-138.298
0.827344,-108.592
0.828125,-138.298
0.828906,-117.011
0.829687,-138.298
0.830469,-124.445
0.831250,-138.298
0.832031,-103.467
0.832812,-138.298
0.833594,-129.125
0.834375,-138.298
0.835156,-104.598
0.835937,-138.298
0.836719,-102.483
0.837500,-138.298
0.838281,-138.205
0.839062,-138.298
0.839844,-120.522
0.840625,-138.298
0.841406,-112.511
0.842187,-138.298
0.842969,-106.717
0.843750,-138.298
0.844531,-108.858
0.845312,-138.298
0.846094,-148.760
0.846875,-138.298
0.847656,-116.404
0.848437,-138.298
0.849219,-108.230
0.850000,-138.298
0.850781,-113.833
0.851562,-138.298
0.852344,-108.534
0.853125,-138.298
0.853906,-113.377
0.854687,-138.298
0.855469,-105.807
0.856250,-138.298
0.857031,-116.292
0.857812,-138.298
0.858594,-111.444
0.859375,-138.298
0.860156,-124.128
0.860937,-138.298
0.861719,-108.216
0.862500,-138.298
0.863281,-104.064
0.864062,-138.298
0.864844,-118.384
0.865625,-138.298
0.866406,-101.524
0.867187,-138.298
0.867969,-107.320
0.868750,-138.298
0.869531,-122.048
0.870312,-138.298
0.871094,-112.635
0.871875,-138.298
0.872656,-109.280
0.873437,-138.298
0.874219,-127.701
0.875000,-138.298
0.875781,-102.522
0.876562,-138.298
0.877344,-112.658
0.878125,-138.298
0.878906,-116.264
0.879687,-138.298
0.880469,-116.454
0.881250,-138.298
0.882031,-105.604
0.882812,-138.298
0.883594,-120.394
0.884375,-138.298
0.885156,-122.857
0.885937,-138.298
0.886719,-107.909
0.887500,-138.298
0.888281,-106.893
0.889062,-138.298
0.889844,-104.248
0.890625,-138.298
0.891406,-127.002
0.892187,-138.298
0.892969,-128.338
0.893750,-138.298
0.894531,-103.903
0.895312,-138.298
0.896094,-121.158
0.896875,-138.298
0.897656,-106.087
0.898437,-138.298
0.899219,-98.215
0.900000,-138.298
0.900781,-117.564
0.901562,-138.298
0.902344,-106.073
0.903125,-138.298
0.903906,-99.874
0.904687,-138.298
0.905469,-122.893
0.906250,-138.298
0.907031,-102.760
0.907812,-138.298
0.908594,-101.564
0.909375,-138.298
0.910156,-109.843
0.910937,-138.298
0.911719,-107.639
0.912500,-138.298
0.913281,-110.500
0.914062,-138.298
0.914844,-105.707
0.915625,-138.298
0.916406,-108.229
0.917187,-138.298
0.917969,-105.132
0.918750,-138.298
0.919531,-127.009
0.920312,-138.298
0.921094,-124.899
0.921875,-138.298
0.922656,-126.163
0.923437,-138.298
0.924219,-113.360
0.925000,-138.298
0.925781,-117.021
0.926562,-138.298
0.927344,-109.710
0.928125,-138.298
0.928906,-103.886
0.929687,-138.298
0.930469,-113.509
0.931250,-138.298
0.932031,-117.332
0.932812,-138.298
0.933594,-109.384
0.934375,-138.298
0.935156,-120.364
0.935937,-138.298
0.936719,-104.049
0.937500,-138.298
0.938281,-110.359
0.939062,-138.298
0.939844,-105.126
0.940625,-138.298
0.941406,-166.268
0.942187,-138.298
0.942969,-123.401
0.943750,-138.298
0.944531,-128.582
0.945312,-138.298
0.946094,-104.437
0.946875,-138.298
0.947656,-113.387
0.948437,-138.298
0.949219,-105.726
0.950000,-138.298
0.950781,-106.590
0.951562,-138.298
0.952344,-120.268
0.953125,-138.298
0.953906,-114.010
0.954687,-138.298
0.955469,-108.168
0.956250,-138.298
0.957031,-99.556
0.957812,-138.298
0.958594,-104.720
0.959375,-138.298
0.960156,-138.260
0.960937,-138.298
0.961719,-109.733
0.962500,-138.298
0.963281,-104.201
0.964062,-138.298
0.964844,-104.695
0.965625,-138.298
0.966406,-104.865
0.967187,-138.298
0.967969,-113.392
0.968750,-138.298
0.969531,-118.031
0.970312,-138.298
0.971094,-113.371
0.971875,-138.298
0.972656,-104.268
0.973437,-138.298
0.974219,-113.168
0.975000,-138.298
0.975781,-111.970
0.976562,-138.298
0.977344,-133.483
0.978125,-138.298
0.978906,-109.740
0.979687,-138.298
0.980469,-111.601
0.981250,-138.298
0.982031,-102.935
0.982812,-138.298
0.983594,-99.808
0.984375,-138.298
0.985156,-100.640
0.985937,-138.298
0.986719,-109.781
0.987500,-138.298
0.988281,-102.021
0.989062,-138.298
0.989844,-121.608
0.990625,-138.298
0.991406,-100.501
0.992187,-138.298
0.992969,-106.084
0.993750,-138.298
0.994531,-121.606
0.995312,-138.298
0.996094,-105.463
0.996875,-138.298
0.997656,-128.008
0.998437,-138.298
0.999219,-115.899
1.000000,-138.298
1.000781,-108.395
1.001562,-138.298
1.002344,-125.259
1.003125,-138.298
1.003906,-105.639
1.004687,-138.298
1.005469,-120.675
1.006250,-138.298
1.007031,-102.237
1.007812,-138.298
1.008594,-130.980
1.009375,-138.298
1.010156,-145.039
1.010937,-138.298
1.011719,-107.017
1.012500,-138.298
1.013281,-111.928
1.014062,-138.298
1.014844,-99.536
1.015625,-138.298
1.016406,-116.726
1.017187,-138.298
1.017969,-117.016
1.018750,-138.298
1.019531,-119.538
1.020312,-138.298
1.021094,-105.448
1.021875,-138.298
1.022656,-116.604
1.023437,-138.298
1.024219,-118.350
1.025000,-138.298
1.025781,-111.547
1.026562,-138.298
1.027344,-123.876
1.028125,-138.298
1.028906,-98.283
1.029687,-138.298
1.030469,-111.577
1.031250,-138.298
1.032031,-95.391
1.032812,-138.298
1.033594,-109.292
1.034375,-138.298
1.035156,-122.693
1.035937,-138.298
1.036719,-122.677
1.037500,-138.298
1.038281,-112.181
1.039062,-138.298
1.039844,-125.922
1.040625,-138.298
1.041406,-111.005
1.042187,-138.298
1.042969,-101.869
1.043750,-138.298
1.044531,-107.530
1.045312,-138.298
1.046094,-113.740
1.046875,-138.298
1.047656,-105.707
1.048437,-138.298
1.049219,-96.786
1.050000,-138.298
1.050781,-110.451
1.051562,-138.298
1.052344,-107.673
1.053125,-138.298
1.053906,-110.015
1.054687,-138.298
1.055469,-116.742
1.056250,-138.298
1.057031,-126.328
1.057812,-138.298
1.058594,-114.347
1.059375,-138.298
1.060156,-113.658
1.060937,-138.298
1.061719,-132.767
1.062500,-138.298
1.063281,-103.659
1.064062,-138.298
1.064844,-133.702
1.065625,-138.298
1.066406,-112.427
1.067187,-138.298
1.067969,-117.005
1.068750,-138.298
1.069531,-122.068
1.070312,-138.298
1.071094,-117.769
1.071875,-138.298
1.072656,-97.916
1.073437,-138.298
1.074219,-105.120
1.075000,-138.298
1.075781,-116.940
1.076562,-138.298
1.077344,-104.074
1.078125,-138.298
1.078906,-118.898
1.079687,-138.298
1.080469,-111.113
1.081250,-138.298
1.082031,-110.223
1.082812,-138.298
1.083594,-106.210
1.084375,-138.298
1.085156,-101.120
1.085937,-138.298
1.086719,-131.397
1.087500,-138.298
1.088281,-107.787
1.089062,-138.298
1.089844,-107.592
1.090625,-138.298
1.091406,-113.560
1.092187,-138.298
1.092969,-104.095
1.093750,-138.298
1.094531,-99.542
1.095312,-138.298
1.096094,-111.418
1.096875,-138.298
1.097656,-112.518
1.098437,-138.298
1.099219,-110.795
1.100000,-138.298
1.100781,-116.283
1.101562,-138.298
1.102344,-105.375
1.103125,-138.298
1.103906,-121.122
1.104687,-138.298
1.105469,-122.818
1.106250,-138.298
1.107031,-101.952
1.107812,-138.298
1.108594,-111.006
1.109375,-138.298
1.110156,-102.818
1.110937,-138.298
1.111719,-116.691
1.112500,-138.298
1.113281,-116.967
1.114062,-138.298
1.114844,-100.914
1.115625,-138.298
1.116406,-117.783
1.117187,-138.298
1.117969,-100.738
1.118750,-138.298
1.119531,-132.161
1.120312,-138.298
1.121094,-115.659
1.121875,-138.298
1.122656,-111.259
1.123437,-138.298
1.124219,-112.397
1.125000,-138.298
1.125781,-110.427
1.126562,-138.298
1.127344,-119.354
1.128125,-138.298
1.128906,-128.927
1.129687,-138.298
1.130469,-103.055
1.131250,-138.298
1.132031,-105.117
1.132812,-138.298
1.133594,-102.735
1.134375,-138.298
1.135156,-126.782
1.135937,-138.298
1.136719,-103.822
1.137500,-138.298
1.138281,-115.659
1.139062,-138.298
1.139844,-103.692
1.140625,-138.298
1.141406,-102.107
1.142187,-138.298
1.142969,-113.563
1.143750,-138.298
1.144531,-113.132
1.145312,-138.298
1.146094,-104.683
1.146875,-138.298
1.147656,-113.287
1.148437,-138.298
1.149219,-113.288
1.150000,-138.298
1.150781,-110.252
1.151562,-138.298
1.152344,-111.599
1.153125,-138.298
1.153906,-103.447
1.154687,-138.298
1.155469,-114.808
1.156250,-138.298
1.157031,-110.576
1.157812,-138.298
1.158594,-122.713
1.159375,-138.298
1.160156,-108.566
1.160937,-138.298
1.161719,-105.282
1.162500,-138.298
1.163281,-107.260
1.164062,-138.298
1.164844,-103.195
1.165625,-138.298
1.166406,-103.498
1.167187,-138.298
1.167969,-104.320
1.168750,-138.298
1.169531,-110.578
1.170312,-138.298
1.171094,-117.256
1.171875,-138.298
1.172656,-108.152
1.173437,-138.298
1.174219,-118.640
1.175000,-138.298
1.175781,-113.570
1.176562,-138.298
1.177344,-115.107
1.178125,-138.298
1.178906,-105.168
1.179687,-138.298
1.180469,-122.490
1.181250,-138.298
1.182031,-100.254
1.182812,-138.298
1.183594,-114.670
1.184375,-138.298
1.185156,-110.428
1.185937,-138.298
1.186719,-107.682
1.187500,-138.298
1.188281,-100.365
1.189062,-138.298
1.189844,-105.064
1.190625,-138.298
1.191406,-113.695
1.192187,-138.298
1.192969,-106.517
1.193750,-138.298
1.194531,-106.540
1.195312,-138.298
1.196094,-102.369
1.196875,-138.298
1.197656,-141.506
1.198437,-138.298
1.199219,-113.873
1.200000,-138.298
1.200781,-110.994
1.201562,-138.298
1.202344,-110.269
1.203125,-138.298
1.203906,-109.703
1.204687,-138.298
1.205469,-121.605
1.206250,-138.298
1.207031,-107.291
1.207812,-138.298
1.208594,-109.262
1.209375,-138.298
1.210156,-118.571
1.210937,-138.298
1.211719,-100.164
1.212500,-138.298
1.213281,-102.749
1.214062,-138.298
1.214844,-101.374
1.215625,-138.298
1.216406,-103.380
1.217187,-138.298
1.217969,-124.976
1.218750,-138.298
1.219531,-114.901
1.220312,-138.298
1.221094,-107.092
1.221875,-138.298
1.222656,-108.650
1.223437,-138.298
1.224219,-118.718
1.225000,-138.298
1.225781,-108.056
1.226562,-138.298
1.227344,-109.700
1.228125,-138.298
1.228906,-114.250
1.229687,-138.298
1.230469,-121.936
1.231250,-138.298
1.232031,-111.073
1.232812,-138.298
1.233594,-108.200
1.234375,-138.298
1.235156,-111.847
1.235937,-138.298
1.236719,-104.306
1.237500,-138.298
1.238281,-108.206
1.239062,-138.298
1.239844,-102.506
1.240625,-138.298
1.241406,-113.610
1.242187,-138.298
1.242969,-132.364
1.243750,-138.298
1.244531,-113.580
1.245312,-138.298
1.246094,-104.985
1.246875,-138.298
1.247656,-118.883
1.248437,-138.298
1.249219,-107.307
1.250000,-138.298
1.250781,-113.810
1.251562,-138.298
1.252344,-115.528
1.253125,-138.298
1.253906,-133.953
1.254687,-138.298
1.255469,-100.207
1.256250,-138.298
1.257031,-107.989
1.257812,-138.298
1.258594,-110.569
1.259375,-138.298
1.260156,-105.605
1.260937,-138.298
1.261719,-140.230
1.262500,-138.298
1.263281,-99.755
1.264062,-138.298
1.264844,-125.744
1.265625,-138.298
1.266406,-111.542
1.267187,-138.298
1.267969,-111.219
1.268750,-138.298
1.269531,-103.550
1.270312,-138.298
1.271094,-111.529
1.271875,-138.298
1.272656,-113.898
1.273437,-138.298
1.274219,-119.466
1.275000,-138.298
1.275781,-114.966
1.276562,-138.298
1.277344,-110.327
1.278125,-138.298
1.278906,-119.338
1.279687,-138.298
1.280469,-123.373
1.281250,-138.298
1.282031,-112.077
1.282812,-138.298
1.283594,-120.573
1.284375,-138.298
1.285156,-123.443
1.285937,-138.298
1.286719,-109.174
1.287500,-138.298
1.288281,-108.820
1.289062,-138.298
1.289844,-115.260
1.290625,-138.298
1.291406,-106.286
1.292187,-138.298
1.292969,-109.726
1.293750,-138.298
1.294531,-103.783
1.295312,-138.298
1.296094,-116.921
1.296875,-138.298
1.297656,-133.098
1.298437,-138.298
1.299219,-115.096
1.300000,-138.298
1.300781,-111.825
1.301562,-138.298
1.302344,-112.778
1.303125,-138.298
1.303906,-105.527
1.304687,-138.298
1.305469,-109.765
1.306250,-138.298
1.307031,-115.169
1.307812,-138.298
1.308594,-111.456
1.309375,-138.298
1.310156,-104.726
1.310937,-138.298
1.311719,-112.908
1.312500,-138.298
1.313281,-109.788
1.314062,-138.298
1.314844,-103.722
1.315625,-138.298
1.316406,-118.501
1.317187,-138.298
1.317969,-100.556
1.318750,-138.298
1.319531,-109.455
1.320312,-138.298
1.321094,-113.792
1.321875,-138.298
1.322656,-138.605
1.323437,-138.298
1.324219,-118.956
1.325000,-138.298
1.325781,-122.564
1.326562,-138.298
1.327344,-112.285
1.328125,-138.298
1.328906,-127.546
1.329687,-138.298
1.330469,-107.458
1.331250,-138.298
1.332031,-111.835
1.332812,-138.298
1.333594,-98.542
1.334375,-138.298
1.335156,-112.929
1.335937,-138.298
1.336719,-118.533
1.337500,-138.298
1.338281,-104.935
1.339062,-138.298
1.339844,-107.968
1.340625,-138.298
1.341406,-107.742
1.342187,-138.298
1.342969,-112.755
1.343750,-138.298
1.344531,-105.892
1.345312,-138.298
1.346094,-116.479
1.346875,-138.298
1.347656,-126.189
1.348437,-138.298
1.349219,-104.541
1.350000,-138.298
1.350781,-104.385
1.351562,-138.298
1.352344,-108.564
1.353125,-138.298
1.353906,-123.339
1.354687,-138.298
1.355469,-110.371
1.356250,-138.298
1.357031,-103.877
1.357812,-138.298
1.358594,-136.698
1.359375,-138.298
1.360156,-105.025
1.360937,-138.298
1.361719,-116.052
1.362500,-138.298
1.363281,-112.566
1.364062,-138.298
1.364844,-101.402
1.365625,-138.298
1.366406,-106.752
1.367187,-138.298
1.367969,-103.946
1.368750,-138.298
1.369531,-109.945
1.370312,-138.298
1.371094,-119.565
1.371875,-138.298
1.372656,-130.578
1.373437,-138.298
1.374219,-104.616
1.375000,-138.298
1.375781,-113.472
1.376562,-138.298
1.377344,-103.088
1.378125,-138.298
1.378906,-100.375
1.379687,-138.298
1.380469,-122.298
1.381250,-138.298
1.382031,-116.991
1.382812,-138.298
1.383594,-112.342
1.384375,-138.298
1.385156,-103.401
1.385937,-138.298
1.386719,-107.274
1.387500,-138.298
1.388281,-108.696
1.389062,-138.298
1.389844,-111.444
1.390625,-138.298
1.391406,-107.428
1.392187,-138.298
1.392969,-111.214
1.393750,-138.298
1.394531,-129.451
1.395312,-138.298
1.396094,-100.121
1.396875,-138.298
1.397656,-115.340
1.398437,-138.298
1.399219,-136.253
1.400000,-138.298
1.400781,-102.098
1.401562,-138.298
1.402344,-107.327
1.403125,-138.298
1.403906,-107.833
1.404687,-138.298
1.405469,-116.136
1.406250,-138.298
1.407031,-108.530
1.407812,-138.298
1.408594,-111.072
1.409375,-138.298
1.410156,-129.578
1.410937,-138.298
1.411719,-116.902
1.412500,-138.298
1.413281,-101.285
1.414062,-138.298
1.414844,-101.826
1.415625,-138.298
1.416406,-107.115
1.417187,-138.298
1.417969,-109.386
1.418750,-138.298
1.419531,-111.695
1.420312,-138.298
1.421094,-108.454
1.421875,-138.298
1.422656,-129.161
1.423437,-138.298
1.424219,-112.023
1.425000,-138.298
1.425781,-103.767
1.426562,-138.298
1.427344,-111.145
1.428125,-138.298
1.428906,-113.197
1.429687,-138.298
1.430469,-104.700
1.431250,-138.298
1.432031,-110.327
1.432812,-138.298
1.433594,-114.327
1.434375,-138.298
1.435156,-100.943
1.435937,-138.298
1.436719,-102.474
1.437500,-138.298
1.438281,-103.405
1.439062,-138.298
1.439844,-123.260
1.440625,-138.298
1.441406,-121.810
1.442187,-138.298
1.442969,-113.321
1.443750,-138.298
1.444531,-100.262
1.445312,-138.298
1.446094,-104.088
1.446875,-138.298
1.447656,-97.127
1.448437,-138.298
1.449219,-114.235
1.450000,-138.298
1.450781,-110.556
1.451562,-138.298
1.452344,-107.025
1.453125,-138.298
1.453906,-100.965
1.454687,-138.298
1.455469,-120.195
1.456250,-138.298
1.457031,-110.473
1.457812,-138.298
1.458594,-102.789
1.459375,-138.298
1.460156,-102.516
1.460937,-138.298
1.461719,-103.908
1.462500,-138.298
1.463281,-104.325
1.464062,-138.298
1.464844,-106.823
1.465625,-138.298
1.466406,-106.694
1.467187,-138.298
1.467969,-113.781
1.468750,-138.298
1.469531,-111.228
1.470312,-138.298
1.471094,-110.042
1.471875,-138.298
1.472656,-123.227
1.473437,-138.298
1.474219,-127.999
1.475000,-138.298
1.475781,-138.633
1.476562,-138.298
1.477344,-114.168
1.478125,-138.298
1.478906,-113.443
1.479687,-138.298
1.480469,-130.285
1.481250,-138.298
1.482031,-146.452
1.482812,-138.298
1.483594,-105.028
1.484375,-138.298
1.485156,-116.864
1.485937,-138.298
1.486719,-103.535
1.487500,-138.298
1.488281,-114.965
1.489062,-138.298
1.489844,-113.716
1.490625,-138.298
1.491406,-109.886
1.492187,-138.298
1.492969,-109.018
1.493750,-138.298
1.494531,-106.804
1.495312,-138.298
1.496094,-105.541
1.496875,-138.298
1.497656,-112.488
1.498437,-138.298
1.499219,-119.586
1.500000,-138.298
1.500781,-105.856
1.501562,-138.298
1.502344,-119.059
1.503125,-138.298
1.503906,-103.945
1.504687,-138.298
1.505469,-103.981
1.506250,-138.298
1.507031,-123.857
1.507812,-138.298
1.508594,-126.491
1.509375,-138.298
1.510156,-127.172
1.510937,-138.298
1.511719,-102.135
1.512500,-138.298
1.513281,-107.326
1.514062,-138.298
1.514844,-104.664
1.515625,-138.298
1.516406,-134.540
1.517187,-138.298
1.517969,-112.391
1.518750,-138.298
1.519531,-106.557
1.520312,-138.298
1.521094,-105.403
1.521875,-138.298
1.522656,-107.466
1.523437,-138.298
1.524219,-120.444
1.525000,-138.298
1.525781,-107.085
1.526562,-138.298
1.527344,-121.605
1.528125,-138.298
1.528906,-116.410
1.529687,-138.298
1.530469,-107.921
1.531250,-138.298
1.532031,-103.121
1.532812,-138.298
1.533594,-111.564
1.534375,-138.298
1.535156,-107.072
1.535937,-138.298
1.536719,-102.946
1.537500,-138.298
1.538281,-115.354
1.539062,-138.298
1.539844,-124.680
1.540625,-138.298
1.541406,-118.065
1.542187,-138.298
1.542969,-110.042
1.543750,-138.298
1.544531,-110.873
1.545312,-138.298
1.546094,-111.401
1.546875,-138.298
1.547656,-110.194
1.548437,-138.298
1.549219,-100.196
1.550000,-138.298
1.550781,-105.524
1.551562,-138.298
1.552344,-105.586
1.553125,-138.298
1.553906,-106.024
1.554687,-138.298
1.555469,-116.864
1.556250,-138.298
1.557031,-104.482
1.557812,-138.298
1.558594,-107.945
1.559375,-138.298
1.560156,-135.216
1.560937,-138.298
1.561719,-105.103
1.562500,-138.298
1.563281,-106.987
1.564062,-138.298
1.564844,-117.148
1.565625,-138.298
1.566406,-105.947
1.567187,-138.298
1.567969,-107.426
1.568750,-138.298
1.569531,-127.449
1.570312,-138.298
1.571094,-125.417
1.571875,-138.298
1.572656,-113.171
1.573437,-138.298
1.574219,-113.350
1.575000,-138.298
1.575781,-108.731
1.576562,-138.298
1.577344,-114.526
1.578125,-138.298
1.578906,-118.153
1.579687,-138.298
1.580469,-125.714
1.581250,-138.298
1.582031,-106.197
1.582812,-138.298
1.583594,-104.814
1.584375,-138.298
1.585156,-106.683
1.585937,-138.298
1.586719,-113.591
1.587500,-138.298
1.588281,-126.090
1.589062,-138.298
1.589844,-106.239
1.590625,-138.298
1.591406,-107.127
1.592187,-138.298
1.592969,-112.225
1.593750,-138.298
1.594531,-106.358
1.595312,-138.298
1.596094,-109.480
1.596875,-138.298
1.597656,-134.461
1.598437,-138.298
1.599219,-106.643
1.600000,-138.298
1.600781,-133.008
1.601562,-138.298
1.602344,-104.349
1.603125,-138.298
1.603906,-106.532
1.604687,-138.298
1.605469,-112.686
1.606250,-138.298
1.607031,-107.026
1.607812,-138.298
1.608594,-112.666
1.609375,-138.298
1.610156,-109.128
1.610937,-138.298
1.611719,-122.824
1.612500,-138.298
1.613281,-121.841
1.614062,-138.298
1.614844,-108.381
1.615625,-138.298
1.616406,-109.827
1.617187,-138.298
1.617969,-109.079
1.618750,-138.298
1.619531,-110.269
1.620312,-138.298
1.621094,-105.234
1.621875,-138.298
1.622656,-104.164
1.623437,-138.298
1.624219,-128.103
1.625000,-138.298
1.625781,-113.309
1.626562,-138.298
1.627344,-107.874
1.628125,-138.298
1.628906,-103.987
1.629687,-138.298
1.630469,-104.739
1.631250,-138.298
1.632031,-110.690
1.632812,-138.298
1.633594,-124.258
1.634375,-138.298
1.635156,-104.072
1.635937,-138.298
1.636719,-122.619
1.637500,-138.298
1.638281,-139.437
1.639062,-138.298
1.639844,-112.476
1.640625,-138.298
1.641406,-108.076
1.642187,-138.298
1.642969,-129.489
1.643750,-138.298
1.644531,-109.842
1.645312,-138.298
1.646094,-109.467
1.646875,-138.298
1.647656,-103.964
1.648437,-138.298
1.649219,-135.408
1.650000,-138.298
1.650781,-118.703
1.651562,-138.298
1.652344,-98.779
1.653125,-138.298
1.653906,-114.309
1.654687,-138.298
1.655469,-109.454
1.656250,-138.298
1.657031,-108.224
1.657812,-138.298
1.658594,-113.663
1.659375,-138.298
1.660156,-108.886
1.660937,-138.298
1.661719,-103.276
1.662500,-138.298
1.663281,-104.164
1.664062,-138.298
1.664844,-113.744
1.665625,-138.298
1.666406,-102.654
1.667187,-138.298
1.667969,-109.283
1.668750,-138.298
1.669531,-102.314
1.670312,-138.298
1.671094,-109.895
1.671875,-138.298
1.672656,-118.364
1.673437,-138.298
1.674219,-108.976
1.675000,-138.298
1.675781,-108.112
1.676562,-138.298
1.677344,-112.090
1.678125,-138.298
1.678906,-103.475
1.679687,-138.298
1.680469,-105.474
1.681250,-138.298
1.682031,-110.505
1.682812,-138.298
1.683594,-103.523
1.684375,-138.298
1.685156,-109.499
1.685937,-138.298
1.686719,-117.017
1.687500,-138.298
1.688281,-110.135
1.689062,-138.298
1.689844,-113.199
1.690625,-138.298
1.691406,-105.171
1.692187,-138.298
1.692969,-123.215
1.693750,-138.298
1.694531,-106.036
1.695312,-138.298
1.696094,-99.393
1.696875,-138.298
1.697656,-105.388
1.698437,-138.298
1.699219,-109.081
1.700000,-138.298
1.700781,-103.100
1.701562,-138.298
1.702344,-120.757
1.703125,-138.298
1.703906,-105.170
1.704687,-138.298
1.705469,-125.972
1.706250,-138.298
1.707031,-102.276
1.707812,-138.298
1.708594,-108.849
1.709375,-138.298
1.710156,-99.121
1.710937,-138.298
1.711719,-117.074
1.712500,-138.298
1.713281,-113.312
1.714062,-138.298
1.714844,-127.925
1.715625,-138.298
1.716406,-103.784
1.717187,-138.298
1.717969,-107.797
1.718750,-138.298
1.719531,-127.928
1.720312,-138.298
1.721094,-102.461
1.721875,-138.298
1.722656,-125.307
1.723437,-138.298
1.724219,-126.375
1.725000,-138.298
1.725781,-102.792
1.726562,-138.298
1.727344,-102.632
1.728125,-138.298
1.728906,-116.546
1.729687,-138.298
1.730469,-114.934
1.731250,-138.298
1.732031,-123.770
1.732812,-138.298
1.733594,-110.098
1.734375,-138.298
1.735156,-111.478
1.735937,-138.298
1.736719,-117.713
1.737500,-138.298
1.738281,-110.598
1.739062,-138.298
1.739844,-105.273
1.740625,-138.298
1.741406,-103.905
1.742187,-138.298
1.742969,-112.060
1.743750,-138.298
1.744531,-106.683
1.745312,-138.298
1.746094,-106.021
1.746875,-138.298
1.747656,-110.788
1.748437,-138.298
1.749219,-115.512
1.750000,-138.298
1.750781,-108.080
1.751562,-138.298
1.752344,-101.658
1.753125,-138.298
1.753906,-118.554
1.754687,-138.298
1.755469,-120.247
1.756250,-138.298
1.757031,-124.226
1.757812,-138.298
1.758594,-108.939
1.759375,-138.298
1.760156,-103.593
1.760937,-138.298
1.761719,-107.709
1.762500,-138.298
1.763281,-105.616
1.764062,-138.298
1.764844,-129.551
1.765625,-138.298
1.766406,-113.807
1.767187,-138.298
1.767969,-106.962
1.768750,-138.298
1.769531,-100.040
1.770312,-138.298
1.771094,-101.188
1.771875,-138.298
1.772656,-116.564
1.773437,-138.298
1.774219,-107.217
1.775000,-138.298
1.775781,-108.745
1.776562,-138.298
1.777344,-100.366
1.778125,-138.298
1.778906,-108.296
1.779687,-138.298
1.780469,-105.523
1.781250,-138.298
1.782031,-109.088
1.782812,-138.298
1.783594,-99.831
1.784375,-138.298
1.785156,-110.364
1.785937,-138.298
1.786719,-116.635
1.787500,-138.298
1.788281,-107.273
1.789062,-138.298
1.789844,-119.654
1.790625,-138.298
1.791406,-110.813
1.792187,-138.298
1.792969,-108.477
1.793750,-138.298
1.794531,-112.329
1.795312,-138.298
1.796094,-104.737
1.796875,-138.298
1.797656,-99.630
1.798437,-138.298
1.799219,-116.044
1.800000,-138.298
1.800781,-109.153
1.801562,-138.298
1.802344,-114.805
1.803125,-138.298
1.803906,-126.053
1.804687,-138.298
1.805469,-103.187
1.806250,-138.298
1.807031,-108.817
1.807812,-138.298
1.808594,-115.229
1.809375,-138.298
1.810156,-109.901
1.810937,-138.298
1.811719,-109.716
1.812500,-138.298
1.813281,-116.642
1.814062,-138.298
1.814844,-110.589
1.815625,-138.298
1.816406,-130.211
1.817187,-138.298
1.817969,-129.577
1.818750,-138.298
1.819531,-104.044
1.820312,-138.298
1.821094,-120.279
1.821875,-138.298
1.822656,-109.156
1.823437,-138.298
1.824219,-106.772
1.825000,-138.298
1.825781,-100.900
1.826562,-138.298
1.827344,-106.059
1.828125,-138.298
1.828906,-113.908
1.829687,-138.298
1.830469,-113.558
1.831250,-138.298
1.832031,-116.208
1.832812,-138.298
1.833594,-110.868
1.834375,-138.298
1.835156,-109.712
1.835937,-138.298
1.836719,-112.610
1.837500,-138.298
1.838281,-119.908
1.839062,-138.298
1.839844,-114.632
1.840625,-138.298
1.841406,-115.394
1.842187,-138.298
1.842969,-118.438
1.843750,-138.298
1.844531,-110.278
1.845312,-138.298
1.846094,-104.526
1.846875,-138.298
1.847656,-110.192
1.848437,-138.298
1.849219,-116.387
1.850000,-138.298
1.850781,-105.991
1.851562,-138.298
1.852344,-105.441
1.853125,-138.298
1.853906,-114.223
1.854687,-138.298
1.855469,-119.242
1.856250,-138.298
1.857031,-102.722
1.857812,-138.298
1.858594,-108.305
1.859375,-138.298
1.860156,-117.839
1.860937,-138.298
1.861719,-99.413
1.862500,-138.298
1.863281,-118.315
1.864062,-138.298
1.864844,-143.857
1.865625,-138.298
1.866406,-102.885
1.867187,-138.298
1.867969,-103.412
1.868750,-138.298
1.869531,-130.321
1.870312,-138.298
1.871094,-113.859
1.871875,-138.298
1.872656,-118.245
1.873437,-138.298
1.874219,-120.845
1.875000,-138.298
1.875781,-106.162
1.876562,-138.298
1.877344,-120.878
1.878125,-138.298
1.878906,-112.775
1.879687,-138.298
1.880469,-122.664
1.881250,-138.298
1.882031,-95.114
1.882812,-138.298
1.883594,-106.566
1.884375,-138.298
1.885156,-102.377
1.885937,-138.298
1.886719,-107.202
1.887500,-138.298
1.888281,-106.293
1.889062,-138.298
1.889844,-106.259
1.890625,-138.298
1.891406,-114.184
1.892187,-138.298
1.892969,-107.454
1.893750,-138.298
1.894531,-107.208
1.895312,-138.298
1.896094,-120.871
1.896875,-138.298
1.897656,-155.961
1.898437,-138.298
1.899219,-99.087
1.900000,-138.298
1.900781,-111.370
1.901562,-138.298
1.902344,-103.265
1.903125,-138.298
1.903906,-117.985
1.904687,-138.298
1.905469,-112.715
1.906250,-138.298
1.907031,-108.385
1.907812,-138.298
1.908594,-124.969
1.909375,-138.298
1.910156,-110.249
1.910937,-138.298
1.911719,-105.634
1.912500,-138.298
1.913281,-103.271
1.914062,-138.298
1.914844,-107.492
1.915625,-138.298
1.916406,-109.736
1.917187,-138.298
1.917969,-113.896
1.918750,-138.298
1.919531,-104.613
1.920312,-138.298
1.921094,-110.036
1.921875,-138.298
1.922656,-112.488
1.923437,-138.298
1.924219,-110.633
1.925000,-138.298
1.925781,-111.129
1.926562,-138.298
1.927344,-110.248
1.928125,-138.298
1.928906,-102.545
1.929687,-138.298
1.930469,-116.157
1.931250,-138.298
1.932031,-107.021
1.932812,-138.298
1.933594,-112.494
1.934375,-138.298
1.935156,-108.197
1.935937,-138.298
1.936719,-121.810
1.937500,-138.298
1.938281,-123.012
1.939062,-138.298
1.939844,-109.781
1.940625,-138.298
1.941406,-113.327
1.942187,-138.298
1.942969,-107.329
1.943750,-138.298
1.944531,-127.112
1.945312,-138.298
1.946094,-139.202
1.946875,-138.298
1.947656,-101.148
1.948437,-138.298
1.949219,-110.203
1.950000,-138.298
1.950781,-110.060
1.951562,-138.298
1.952344,-106.266
1.953125,-138.298
1.953906,-108.220
1.954687,-138.298
1.955469,-103.269
1.956250,-138.298
1.957031,-107.136
1.957812,-138.298
1.958594,-111.838
1.959375,-138.298
1.960156,-111.810
1.960937,-138.298
1.961719,-115.439
1.962500,-138.298
1.963281,-115.982
1.964062,-138.298
1.964844,-102.806
1.965625,-138.298
1.966406,-109.602
1.967187,-138.298
1.967969,-118.435
1.968750,-138.298
1.969531,-100.757
1.970312,-138.298
1.971094,-101.916
1.971875,-138.298
1.972656,-118.161
1.973437,-138.298
1.974219,-101.646
1.975000,-138.298
1.975781,-118.297
1.976562,-138.298
1.977344,-113.640
1.978125,-138.298
1.978906,-106.305
1.979687,-138.298
1.980469,-125.754
1.981250,-138.298
1.982031,-109.591
1.982812,-138.298
1.983594,-107.164
1.984375,-138.298
1.985156,-105.985
1.985937,-138.298
1.986719,-125.478
1.987500,-138.298
1.988281,-112.593
1.989062,-138.298
1.989844,-109.288
1.990625,-138.298
1.991406,-96.892
1.992187,-138.298
1.992969,-101.810
1.993750,-138.298
1.994531,-108.204
1.995312,-138.298
1.996094,-105.410
1.996875,-138.298
1.997656,-95.985
1.998437,-138.298
1.999219,-114.141
2.000000,-138.298
2.000781,-109.901
2.001562,-138.298
2.002344,-101.263
2.003125,-138.298
2.003906,-122.011
2.004687,-138.298
2.005469,-108.361
2.006250,-138.298
2.007031,-108.478
2.007812,-138.298
2.008594,-100.236
2.009375,-138.298
2.010156,-99.814
2.010937,-138.298
2.011719,-114.635
2.012500,-138.298
2.013281,-112.710
2.014062,-138.298
2.014844,-121.432
2.015625,-138.298
2.016406,-133.220
2.017187,-138.298
2.017969,-105.578
2.018750,-138.298
2.019531,-107.741
2.020312,-138.298
2.021094,-118.428
2.021875,-138.298
2.022656,-117.347
2.023437,-138.298
2.024219,-102.506
2.025000,-138.298
2.025781,-116.647
2.026562,-138.298
2.027344,-110.355
2.028125,-138.298
2.028906,-110.434
2.029687,-138.298
2.030469,-110.050
2.031250,-138.298
2.032031,-111.621
2.032812,-138.298
2.033594,-109.416
2.034375,-138.298
2.035156,-116.616
2.035937,-138.298
2.036719,-127.925
2.037500,-138.298
2.038281,-102.241
2.039062,-138.298
2.039844,-103.393
2.040625,-138.298
2.041406,-118.449
2.042187,-138.298
2.042969,-115.143
2.043750,-138.298
2.044531,-135.619
2.045312,-138.298
2.046094,-117.705
2.046875,-138.298
2.047656,-104.737
2.048437,-138.298
2.049219,-113.610
2.050000,-138.298
2.050781,-119.202
2.051562,-138.298
2.052344,-112.615
2.053125,-138.298
2.053906,-105.131
2.054687,-138.298
2.055469,-99.628
2.056250,-138.298
2.057031,-154.847
2.057812,-138.298
2.058594,-113.910
2.059375,-138.298
2.060156,-105.038
2.060937,-138.298
2.061719,-115.952
2.062500,-138.298
2.063281,-102.758
2.064062,-138.298
2.064844,-109.622
2.065625,-138.298
2.066406,-136.548
2.067187,-138.298
2.067969,-113.226
2.068750,-138.298
2.069531,-103.153
2.070312,-138.298
2.071094,-120.471
2.071875,-138.298
2.072656,-108.410
2.073437,-138.298
2.074219,-104.169
2.075000,-138.298
2.075781,-108.495
2.076562,-138.298
2.077344,-124.775
2.078125,-138.298
2.078906,-105.366
2.079687,-138.298
2.080469,-103.155
2.081250,-138.298
2.082031,-115.270
2.082812,-138.298
2.083594,-109.165
2.084375,-138.298
2.085156,-117.684
2.085937,-138.298
2.086719,-102.422
2.087500,-138.298
2.088281,-119.980
2.089062,-138.298
2.089844,-118.162
2.090625,-138.298
2.091406,-128.599
2.092187,-138.298
2.092969,-112.425
2.093750,-138.298
2.094531,-103.123
2.095312,-138.298
2.096094,-104.810
2.096875,-138.298
2.097656,-112.362
2.098437,-138.298
2.099219,-121.498
2.100000,-138.298
2.100781,-110.297
2.101562,-138.298
2.102344,-109.868
2.103125,-138.298
2.103906,-109.766
2.104687,-138.298
2.105469,-102.696
2.106250,-138.298
2.107031,-114.081
2.107812,-138.298
2.108594,-102.167
2.109375,-138.298
2.110156,-134.607
2.110937,-138.298
2.111719,-105.881
2.112500,-138.298
2.113281,-115.151
2.114062,-138.298
2.114844,-116.916
2.115625,-138.298
2.116406,-121.209
2.117187,-138.298
2.117969,-115.110
2.118750,-138.298
2.119531,-114.167
2.120312,-138.298
2.121094,-111.999
2.121875,-138.298
2.122656,-114.708
2.123437,-138.298
2.124219,-103.130
2.125000,-138.298
2.125781,-117.108
2.126562,-138.298
2.127344,-106.079
2.128125,-138.298
2.128906,-116.623
2.129687,-138.298
2.130469,-95.766
2.131250,-138.298
2.132031,-116.026
2.132812,-138.298
2.133594,-105.401
2.134375,-138.298
2.135156,-112.600
2.135937,-138.298
2.136719,-107.975
2.137500,-138.298
2.138281,-108.784
2.139062,-138.298
2.139844,-103.938
2.140625,-138.298
2.141406,-106.696
2.142187,-138.298
2.142969,-119.520
2.143750,-138.298
2.144531,-126.348
2.145312,-138.298
2.146094,-109.032
2.146875,-138.298
2.147656,-105.747
2.148437,-138.298
2.149219,-122.349
2.150000,-138.298
2.150781,-103.001
2.151562,-138.298
2.152344,-112.343
2.153125,-138.298
2.153906,-111.149
2.154687,-138.298
2.155469,-114.977
2.156250,-138.298
2.157031,-107.510
2.157812,-138.298
2.158594,-126.015
2.159375,-138.298
2.160156,-113.585
2.160937,-138.298
2.161719,-135.037
2.162500,-138.298
2.163281,-107.797
2.164062,-138.298
2.164844,-117.434
2.165625,-138.298
2.166406,-110.796
2.167187,-138.298
2.167969,-102.585
2.168750,-138.298
2.169531,-115.190
2.170312,-138.298
2.171094,-98.849
2.171875,-138.298
2.172656,-123.020
2.173437,-138.298
2.174219,-132.893
2.175000,-138.298
2.175781,-117.055
2.176562,-138.298
2.177344,-109.411
2.178125,-138.298
2.178906,-108.696
2.179687,-138.298
2.180469,-110.007
2.181250,-138.298
2.182031,-109.545
2.182812,-138.298
2.183594,-117.979
2.184375,-138.298
2.185156,-105.098
2.185937,-138.298
2.186719,-124.328
2.187500,-138.298
2.188281,-107.970
2.189062,-138.298
2.189844,-112.921
2.190625,-138.298
2.191406,-122.496
2.192187,-138.298
2.192969,-123.045
2.193750,-138.298
2.194531,-106.608
2.195312,-138.298
2.196094,-108.655
2.196875,-138.298
2.197656,-109.738
2.198437,-138.298
2.199219,-109.609
2.200000,-138.298
2.200781,-102.989
2.201562,-138.298
2.202344,-129.037
2.203125,-138.298
2.203906,-105.661
2.204687,-138.298
2.205469,-103.851
2.206250,-138.298
2.207031,-105.599
2.207812,-138.298
2.208594,-113.819
2.209375,-138.298
2.210156,-104.249
2.210937,-138.298
2.211719,-108.084
2.212500,-138.298
2.213281,-104.262
2.214062,-138.298
2.214844,-101.860
2.215625,-138.298
2.216406,-105.210
2.217187,-138.298
2.217969,-114.074
2.218750,-138.298
2.219531,-121.882
2.220312,-138.298
2.221094,-106.090
2.221875,-138.298
2.222656,-102.019
2.223437,-138.298
2.224219,-105.225
2.225000,-138.298
2.225781,-134.659
2.226562,-138.298
2.227344,-107.534
2.228125,-138.298
2.228906,-136.819
2.229687,-138.298
2.230469,-110.492
2.231250,-138.298
2.232031,-118.457
2.232812,-138.298
2.233594,-109.007
2.234375,-138.298
2.235156,-102.012
2.235937,-138.298
2.236719,-108.598
2.237500,-138.298
2.238281,-106.832
2.239062,-138.298
2.239844,-104.629
2.240625,-138.298
2.241406,-112.206
2.242187,-138.298
2.242969,-110.311
2.243750,-138.298
2.244531,-108.953
2.245312,-138.298
2.246094,-111.573
2.246875,-138.298
2.247656,-127.743
2.248437,-138.298
2.249219,-106.899
2.250000,-138.298
2.250781,-168.445
2.251562,-138.298
2.252344,-141.631
2.253125,-138.298
2.253906,-102.756
2.254687,-138.298
2.255469,-124.258
2.256250,-138.298
2.257031,-107.330
2.257812,-138.298
2.258594,-117.765
2.259375,-138.298
2.260156,-109.976
2.260937,-138.298
2.261719,-124.571
2.262500,-138.298
2.263281,-99.715
2.264062,-138.298
2.264844,-127.254
2.265625,-138.298
2.266406,-114.405
2.267187,-138.298
2.267969,-122.730
2.268750,-138.298
2.269531,-101.629
2.270312,-138.298
2.271094,-102.246
2.271875,-138.298
2.272656,-104.922
2.273437,-138.298
2.274219,-105.234
2.275000,-138.298
2.275781,-122.861
2.276562,-138.298
2.277344,-107.695
2.278125,-138.298
2.278906,-109.185
2.279687,-138.298
2.280469,-107.162
2.281250,-138.298
2.282031,-106.782
2.282812,-138.298
2.283594,-113.637
2.284375,-138.298
2.285156,-117.850
2.285937,-138.298
2.286719,-107.623
2.287500,-138.298
2.288281,-110.472
2.289062,-138.298
2.289844,-114.418
2.290625,-138.298
2.291406,-110.137
2.292187,-138.298
2.292969,-117.147
2.293750,-138.298
2.294531,-113.085
2.295312,-138.298
2.296094,-102.539
2.296875,-138.298
2.297656,-112.608
2.298437,-138.298
2.299219,-114.956
2.300000,-138.298
2.300781,-105.038
2.301562,-138.298
2.302344,-104.993
2.303125,-138.298
2.303906,-105.010
2.304687,-138.298
2.305469,-114.891
2.306250,-138.298
2.307031,-113.103
2.307812,-138.298
2.308594,-109.346
2.309375,-138.298
2.310156,-121.586
2.310937,-138.298
2.311719,-119.727
2.312500,-138.298
2.313281,-109.739
2.314062,-138.298
2.314844,-106.180
2.315625,-138.298
2.316406,-106.303
2.317187,-138.298
2.317969,-102.779
2.318750,-138.298
2.319531,-109.619
2.320312,-138.298
2.321094,-111.557
2.321875,-138.298
2.322656,-99.289
2.323437,-138.298
2.324219,-115.154
2.325000,-138.298
2.325781,-117.886
2.326562,-138.298
2.327344,-113.328
2.328125,-138.298
2.328906,-126.535
2.329687,-138.298
2.330469,-113.287
2.331250,-138.298
2.332031,-113.985
2.332812,-138.298
2.333594,-121.025
2.334375,-138.298
2.335156,-137.304
2.335937,-138.298
2.336719,-105.003
2.337500,-138.298
2.338281,-108.161
2.339062,-138.298
2.339844,-115.956
2.340625,-138.298
2.341406,-117.928
2.342187,-138.298
2.342969,-118.231
2.343750,-138.298
2.344531,-116.730
2.345312,-138.298
2.346094,-121.977
2.346875,-138.298
2.347656,-111.484
2.348437,-138.298
2.349219,-117.983
2.350000,-138.298
2.350781,-110.880
2.351562,-138.298
2.352344,-114.324
2.353125,-138.298
2.353906,-115.270
2.354687,-138.298
2.355469,-106.372
2.356250,-138.298
2.357031,-99.696
2.357812,-138.298
2.358594,-124.847
2.359375,-138.298
2.360156,-114.514
2.360937,-138.298
2.361719,-119.628
2.362500,-138.298
2.363281,-106.011
2.364062,-138.298
2.364844,-118.614
2.365625,-138.298
2.366406,-108.355
2.367187,-138.298
2.367969,-104.667
2.368750,-138.298
2.369531,-107.212
2.370312,-138.298
2.371094,-107.848
2.371875,-138.298
2.372656,-106.013
2.373437,-138.298
2.374219,-103.685
2.375000,-138.298
2.375781,-116.026
2.376562,-138.298
2.377344,-118.073
2.378125,-138.298
2.378906,-100.082
2.379687,-138.298
2.380469,-121.052
2.381250,-138.298
2.382031,-111.975
2.382812,-138.298
2.383594,-128.789
2.384375,-138.298
2.385156,-110.536
2.385937,-138.298
2.386719,-105.064
2.387500,-138.298
2.388281,-120.270
2.389062,-138.298
2.389844,-107.803
2.390625,-138.298
2.391406,-123.060
2.392187,-138.298
2.392969,-111.028
2.393750,-138.298
2.394531,-129.636
2.395312,-138.298
2.396094,-102.715
2.396875,-138.298
2.397656,-107.090
2.398437,-138.298
2.399219,-107.914
2.400000,-138.298
2.400781,-112.989
2.401562,-138.298
2.402344,-115.601
2.403125,-138.298
2.403906,-103.338
2.404687,-138.298
2.405469,-122.998
2.406250,-138.298
2.407031,-153.220
2.407812,-138.298
2.408594,-124.266
2.409375,-138.298
2.410156,-120.587
2.410937,-138.298
2.411719,-116.578
2.412500,-138.298
2.413281,-107.570
2.414062,-138.298
2.414844,-113.463
2.415625,-138.298
2.416406,-107.667
2.417187,-138.298
2.417969,-107.707
2.418750,-138.298
2.419531,-109.384
2.420312,-138.298
2.421094,-106.680
2.421875,-138.298
2.422656,-103.973
2.423437,-138.298
2.424219,-100.027
2.425000,-138.298
2.425781,-98.192
2.426562,-138.298
2.427344,-132.266
2.428125,-138.298
2.428906,-124.744
2.429687,-138.298
2.430469,-106.783
2.431250,-138.298
2.432031,-138.868
2.432812,-138.298
2.433594,-112.136
2.434375,-138.298
2.435156,-118.179
2.435937,-138.298
2.436719,-111.284
2.437500,-138.298
2.438281,-122.917
2.439062,-138.298
2.439844,-116.652
2.440625,-138.298
2.441406,-112.222
2.442187,-138.298
2.442969,-114.853
2.443750,-138.298
2.444531,-126.697
2.445312,-138.298
2.446094,-111.127
2.446875,-138.298
2.447656,-105.658
2.448437,-138.298
2.449219,-103.344
2.450000,-138.298
2.450781,-108.453
2.451562,-138.298
2.452344,-106.204
2.453125,-138.298
2.453906,-110.307
2.454687,-138.298
2.455469,-101.964
2.456250,-138.298
2.457031,-107.726
2.457812,-138.298
2.458594,-108.080
2.459375,-138.298
2.460156,-111.688
2.460937,-138.298
2.461719,-119.864
2.462500,-138.298
2.463281,-111.460
2.464062,-138.298
2.464844,-123.723
2.465625,-138.298
2.466406,-98.617
2.467187,-138.298
2.467969,-103.601
2.468750,-138.298
2.469531,-108.009
2.470312,-138.298
2.471094,-107.354
2.471875,-138.298
2.472656,-118.203
2.473437,-138.298
2.474219,-110.476
2.475000,-138.298
2.475781,-109.580
2.476562,-138.298
2.477344,-108.108
2.478125,-138.298
2.478906,-125.737
2.479687,-138.298
2.480469,-103.073
2.481250,-138.298
2.482031,-106.555
2.482812,-138.298
2.483594,-110.338
2.484375,-138.298
2.485156,-112.113
2.485937,-138.298
2.486719,-104.777
2.487500,-138.298
2.488281,-100.220
2.489062,-138.298
2.489844,-105.332
2.490625,-138.298
2.491406,-119.434
2.492187,-138.298
2.492969,-107.810
2.493750,-138.298
2.494531,-114.208
2.495312,-138.298
2.496094,-121.519
2.496875,-138.298
2.497656,-112.458
2.498437,-138.298
2.499219,-112.374
2.500000,-138.298
2.500781,-101.889
2.501562,-138.298
2.502344,-107.781
2.503125,-138.298
2.503906,-119.114
2.504687,-138.298
2.505469,-112.220
2.506250,-138.298
2.507031,-103.066
2.507812,-138.298
2.508594,-160.225
2.509375,-138.298
2.510156,-129.277
2.510937,-138.298
2.511719,-108.709
2.512500,-138.298
2.513281,-107.042
2.514062,-138.298
2.514844,-111.534
2.515625,-138.298
2.516406,-114.638
2.517187,-138.298
2.517969,-113.462
2.518750,-138.298
2.519531,-127.048
2.520312,-138.298
2.521094,-111.702
2.521875,-138.298
2.522656,-107.358
2.523437,-138.298
2.524219,-111.778
2.525000,-138.298
2.525781,-104.057
2.526562,-138.298
2.527344,-130.424
2.528125,-138.298
2.528906,-110.151
2.529687,-138.298
2.530469,-114.504
2.531250,-138.298
2.532031,-111.251
2.532812,-138.298
2.533594,-133.089
2.534375,-138.298
2.535156,-98.418
2.535937,-138.298
2.536719,-121.689
2.537500,-138.298
2.538281,-106.938
2.539062,-138.298
2.539844,-137.384
2.540625,-138.298
2.541406,-104.572
2.542187,-138.298
2.542969,-137.429
2.543750,-138.298
2.544531,-107.257
2.545312,-138.298
2.546094,-107.240
2.546875,-138.298
2.547656,-124.634
2.548437,-138.298
2.549219,-102.578
2.550000,-138.298
2.550781,-101.225
2.551562,-138.298
2.552344,-112.286
2.553125,-138.298
2.553906,-105.735
2.554687,-138.298
2.555469,-109.995
2.556250,-138.298
2.557031,-107.923
2.557812,-138.298
2.558594,-101.740
2.559375,-138.298
2.560156,-111.294
2.560937,-138.298
2.561719,-105.908
2.562500,-138.298
2.563281,-103.706
2.564062,-138.298
2.564844,-98.065
2.565625,-138.298
2.566406,-114.178
2.567187,-138.298
2.567969,-104.616
2.568750,-138.298
2.569531,-102.856
2.570312,-138.298
2.571094,-114.993
2.571875,-138.298
2.572656,-109.385
2.573437,-138.298
2.574219,-109.493
2.575000,-138.298
2.575781,-122.123
2.576562,-138.298
2.577344,-108.781
2.578125,-138.298
2.578906,-106.443
2.579687,-138.298
2.580469,-108.846
2.581250,-138.298
2.582031,-120.153
2.582812,-138.298
2.583594,-109.811
2.584375,-138.298
2.585156,-142.937
2.585937,-138.298
2.586719,-146.599
2.587500,-138.298
2.588281,-107.553
2.589062,-138.298
2.589844,-103.685
2.590625,-138.298
2.591406,-109.156
2.592187,-138.298
2.592969,-111.660
2.593750,-138.298
2.594531,-102.023
2.595312,-138.298
2.596094,-109.414
2.596875,-138.298
2.597656,-107.088
2.598437,-138.298
2.599219,-105.461
2.600000,-138.298
2.600781,-110.709
2.601562,-138.298
2.602344,-110.950
2.603125,-138.298
2.603906,-131.019
2.604687,-138.298
2.605469,-107.385
2.606250,-138.298
2.607031,-106.318
2.607812,-138.298
2.608594,-101.842
2.609375,-138.298
2.610156,-102.112
2.610937,-138.298
2.611719,-122.394
2.612500,-138.298
2.613281,-115.071
2.614062,-138.298
2.614844,-109.255
2.615625,-138.298
2.616406,-100.560
2.617187,-138.298
2.617969,-122.755
2.618750,-138.298
2.619531,-106.211
2.620312,-138.298
2.621094,-114.440
2.621875,-138.298
2.622656,-117.514
2.623437,-138.298
2.624219,-118.566
2.625000,-138.298
2.625781,-135.851
2.626562,-138.298
2.627344,-103.941
2.628125,-138.298
2.628906,-118.863
2.629687,-138.298
2.630469,-120.490
2.631250,-138.298
2.632031,-127.343
2.632812,-138.298
2.633594,-105.789
2.634375,-138.298
2.635156,-123.175
2.635937,-138.298
2.636719,-100.922
2.637500,-138.298
2.638281,-104.021
2.639062,-138.298
2.639844,-103.790
2.640625,-138.298
2.641406,-105.177
2.642187,-138.298
2.642969,-125.056
2.643750,-138.298
2.644531,-112.636
2.645312,-138.298
2.646094,-105.088
2.646875,-138.298
2.647656,-114.743
2.648437,-138.298
2.649219,-108.344
2.650000,-138.298
2.650781,-101.491
2.651562,-138.298
2.652344,-130.021
2.653125,-138.298
2.653906,-105.185
2.654687,-138.298
2.655469,-110.817
2.656250,-138.298
2.657031,-100.678
2.657812,-138.298
2.658594,-104.871
2.659375,-138.298
2.660156,-113.086
2.660937,-138.298
2.661719,-109.303
2.662500,-138.298
2.663281,-101.142
2.664062,-138.298
2.664844,-103.359
2.665625,-138.298
2.666406,-145.637
2.667187,-138.298
2.667969,-103.193
2.668750,-138.298
2.669531,-101.343
2.670312,-138.298
2.671094,-98.813
2.671875,-138.298
2.672656,-110.843
2.673437,-138.298
2.674219,-109.324
2.675000,-138.298
2.675781,-125.609
2.676562,-138.298
2.677344,-127.475
2.678125,-138.298
2.678906,-111.828
2.679687,-138.298
2.680469,-105.778
2.681250,-138.298
2.682031,-127.840
2.682812,-138.298
2.683594,-108.154
2.684375,-138.298
2.685156,-124.201
2.685937,-138.298
2.686719,-103.982
2.687500,-138.298
2.688281,-116.579
2.689062,-138.298
2.689844,-117.260
2.690625,-138.298
2.691406,-99.203
2.692187,-138.298
2.692969,-102.530
2.693750,-138.298
2.694531,-119.445
2.695312,-138.298
2.696094,-117.217
2.696875,-138.298
2.697656,-103.058
2.698437,-138.298
2.699219,-109.150
2.700000,-138.298
2.700781,-109.071
2.701562,-138.298
2.702344,-139.886
2.703125,-138.298
2.703906,-111.377
2.704687,-138.298
2.705469,-110.853
2.706250,-138.298
2.707031,-113.511
2.707812,-138.298
2.708594,-131.503
2.709375,-138.298
2.710156,-107.554
2.710937,-138.298
2.711719,-114.330
2.712500,-138.298
2.713281,-104.933
2.714062,-138.298
2.714844,-121.393
2.715625,-138.298
2.716406,-112.596
2.717187,-138.298
2.717969,-111.600
2.718750,-138.298
2.719531,-106.543
2.720312,-138.298
2.721094,-108.347
2.721875,-138.298
2.722656,-122.381
2.723437,-138.298
2.724219,-115.664
2.725000,-138.298
2.725781,-99.228
2.726562,-138.298
2.727344,-114.390
2.728125,-138.298
2.728906,-122.784
2.729687,-138.298
2.730469,-131.271
2.731250,-138.298
2.732031,-113.127
2.732812,-138.298
2.733594,-130.966
2.734375,-138.298
2.735156,-102.535
2.735937,-138.298
2.736719,-103.419
2.737500,-138.298
2.738281,-111.788
2.739062,-138.298
2.739844,-101.497
2.740625,-138.298
2.741406,-120.635
2.742187,-138.298
2.742969,-110.050
2.743750,-138.298
2.744531,-101.565
2.745312,-138.298
2.746094,-126.818
2.746875,-138.298
2.747656,-101.340
2.748437,-138.298
2.749219,-105.473
2.750000,-138.298
2.750781,-109.864
2.751562,-138.298
2.752344,-115.324
2.753125,-138.298
2.753906,-133.256
2.754687,-138.298
2.755469,-102.813
2.756250,-138.298
2.757031,-103.042
2.757812,-138.298
2.758594,-109.464
2.759375,-138.298
2.760156,-116.221
2.760937,-138.298
2.761719,-137.728
2.762500,-138.298
2.763281,-113.753
2.764062,-138.298
2.764844,-127.828
2.765625,-138.298
2.766406,-108.444
2.767187,-138.298
2.767969,-113.792
2.768750,-138.298
2.769531,-104.461
2.770312,-138.298
2.771094,-128.289
2.771875,-138.298
2.772656,-119.232
2.773437,-138.298
2.774219,-119.499
2.775000,-138.298
2.775781,-104.139
2.776562,-138.298
2.777344,-111.034
2.778125,-138.298
2.778906,-117.212
2.779687,-138.298
2.780469,-109.739
2.781250,-138.298
2.782031,-107.498
2.782812,-138.298
2.783594,-102.945
2.784375,-138.298
2.785156,-107.345
2.785937,-138.298
2.786719,-118.362
2.787500,-138.298
2.788281,-113.560
2.789062,-138.298
2.789844,-125.474
2.790625,-138.298
2.791406,-113.379
2.792187,-138.298
2.792969,-107.560
2.793750,-138.298
2.794531,-99.135
2.795312,-138.298
2.796094,-97.977
2.796875,-138.298
2.797656,-132.051
2.798437,-138.298
2.799219,-113.835
2.800000,-138.298
2.800781,-105.677
2.801562,-138.298
2.802344,-115.655
2.803125,-138.298
2.803906,-107.044
2.804687,-138.298
2.805469,-110.834
2.806250,-138.298
2.807031,-99.219
2.807812,-138.298
2.808594,-133.931
2.809375,-138.298
2.810156,-113.330
2.810937,-138.298
2.811719,-108.502
2.812500,-138.298
2.813281,-129.403
2.814062,-138.298
2.814844,-111.518
2.815625,-138.298
2.816406,-104.164
2.817187,-138.298
2.817969,-117.009
2.818750,-138.298
2.819531,-111.635
2.820312,-138.298
2.821094,-105.477
2.821875,-138.298
2.822656,-100.463
2.823437,-138.298
2.824219,-119.576
2.825000,-138.298
2.825781,-116.138
2.826562,-138.298
2.827344,-104.806
2.828125,-138.298
2.828906,-100.237
2.829687,-138.298
2.830469,-105.939
2.831250,-138.298
2.832031,-111.333
2.832812,-138.298
2.833594,-102.621
2.834375,-138.298
2.835156,-110.799
2.835937,-138.298
2.836719,-103.724
2.837500,-138.298
2.838281,-108.912
2.839062,-138.298
2.839844,-103.122
2.840625,-138.298
2.841406,-106.121
2.842187,-138.298
2.842969,-112.702
2.843750,-138.298
2.844531,-110.456
2.845312,-138.298
2.846094,-105.509
2.846875,-138.298
2.847656,-106.881
2.848437,-138.298
2.849219,-144.790
2.850000,-138.298
2.850781,-110.693
2.851562,-138.298
2.852344,-109.644
2.853125,-138.298
2.853906,-114.971
2.854687,-138.298
2.855469,-109.691
2.856250,-138.298
2.857031,-101.142
2.857812,-138.298
2.858594,-108.265
2.859375,-138.298
2.860156,-172.638
2.860937,-138.298
2.861719,-117.800
2.862500,-138.298
2.863281,-115.270
2.864062,-138.298
2.864844,-103.528
2.865625,-138.298
2.866406,-107.042
2.867187,-138.298
2.867969,-101.851
2.868750,-138.298
2.869531,-103.031
2.870312,-138.298
2.871094,-120.905
2.871875,-138.298
2.872656,-112.657
2.873437,-138.298
2.874219,-117.136
2.875000,-138.298
2.875781,-110.838
2.876562,-138.298
2.877344,-107.106
2.878125,-138.298
2.878906,-118.037
2.879687,-138.298
2.880469,-117.517
2.881250,-138.298
2.882031,-104.158
2.882812,-138.298
2.883594,-122.039
2.884375,-138.298
2.885156,-119.908
2.885937,-138.298
2.886719,-113.097
2.887500,-138.298
2.888281,-114.744
2.889062,-138.298
2.889844,-110.662
2.890625,-138.298
2.891406,-113.663
2.892187,-138.298
2.892969,-110.382
2.893750,-138.298
2.894531,-105.824
2.895312,-138.298
2.896094,-107.768
2.896875,-138.298
2.897656,-105.540
2.898437,-138.298
2.899219,-126.416
2.900000,-138.298
2.900781,-108.198
2.901562,-138.298
2.902344,-144.612
2.903125,-138.298
2.903906,-106.942
2.904687,-138.298
2.905469,-127.536
2.906250,-138.298
2.907031,-114.349
2.907812,-138.298
2.908594,-125.058
2.909375,-138.298
2.910156,-129.636
2.910937,-138.298
2.911719,-118.078
2.912500,-138.298
2.913281,-101.757
2.914062,-138.298
2.914844,-109.253
2.915625,-138.298
2.916406,-118.204
2.917187,-138.298
2.917969,-122.033
2.918750,-138.298
2.919531,-104.921
2.920312,-138.298
2.921094,-104.108
2.921875,-138.298
2.922656,-106.775
2.923437,-138.298
2.924219,-117.187
2.925000,-138.298
2.925781,-110.230
2.926562,-138.298
2.927344,-106.854
2.928125,-138.298
2.928906,-107.301
2.929687,-138.298
2.930469,-151.473
2.931250,-138.298
2.932031,-122.246
2.932812,-138.298
2.933594,-112.278
2.934375,-138.298
2.935156,-110.565
2.935937,-138.298
2.936719,-112.881
2.937500,-138.298
2.938281,-106.869
2.939062,-138.298
2.939844,-113.389
2.940625,-138.298
2.941406,-107.390
2.942187,-138.298
2.942969,-104.069
2.943750,-138.298
2.944531,-119.845
2.945312,-138.298
2.946094,-120.735
2.946875,-138.298
2.947656,-99.517
2.948437,-138.298
2.949219,-113.029
2.950000,-138.298
2.950781,-108.235
2.951562,-138.298
2.952344,-118.038
2.953125,-138.298
2.953906,-106.494
2.954687,-138.298
2.955469,-113.744
2.956250,-138.298
2.957031,-110.467
2.957812,-138.298
2.958594,-112.470
2.959375,-138.298
2.960156,-110.049
2.960937,-138.298
2.961719,-108.899
2.962500,-138.298
2.963281,-107.380
2.964062,-138.298
2.964844,-117.802
2.965625,-138.298
2.966406,-110.593
2.967187,-138.298
2.967969,-119.100
2.968750,-138.298
2.969531,-149.917
2.970312,-138.298
2.971094,-114.954
2.971875,-138.298
2.972656,-117.625
2.973437,-138.298
2.974219,-112.277
2.975000,-138.298
2.975781,-109.916
2.976562,-138.298
2.977344,-108.241
2.978125,-138.298
2.978906,-105.709
2.979687,-138.298
2.980469,-100.523
2.981250,-138.298
2.982031,-114.021
2.982812,-138.298
2.983594,-108.104
2.984375,-138.298
2.985156,-105.619
2.985937,-138.298
2.986719,-124.051
2.987500,-138.298
2.988281,-110.080
2.989062,-138.298
2.989844,-112.685
2.990625,-138.298
2.991406,-139.276
2.992187,-138.298
2.992969,-107.247
2.993750,-138.298
2.994531,-105.243
2.995312,-138.298
2.996094,-124.729
2.996875,-138.298
2.997656,-99.860
2.998437,-138.298
2.999219,-111.824
3.000000,-138.298
3.000781,-116.309
3.001562,-138.298
3.002344,-114.962
3.003125,-138.298
3.003906,-117.318
3.004687,-138.298
3.005469,-111.976
3.006250,-138.298
3.007031,-121.115
3.007812,-138.298
3.008594,-110.452
3.009375,-138.298
3.010156,-112.196
3.010937,-138.298
3.011719,-107.412
3.012500,-138.298
3.013281,-104.537
3.014062,-138.298
3.014844,-106.312
3.015625,-138.298
3.016406,-114.867
3.017187,-138.298
3.017969,-106.043
3.018750,-138.298
3.019531,-103.776
3.020312,-138.298
3.021094,-119.209
3.021875,-138.298
3.022656,-107.291
3.023437,-138.298
3.024219,-98.356
3.025000,-138.298
3.025781,-124.496
3.026562,-138.298
3.027344,-108.027
3.028125,-138.298
3.028906,-112.402
3.029687,-138.298
3.030469,-110.145
3.031250,-138.298
3.032031,-118.531
3.032812,-138.298
3.033594,-123.573
3.034375,-138.298
3.035156,-135.401
3.035937,-138.298
3.036719,-107.919
3.037500,-138.298
3.038281,-124.313
3.039062,-138.298
3.039844,-105.233
3.040625,-138.298
3.041406,-111.365
3.042187,-138.298
3.042969,-109.586
3.043750,-138.298
3.044531,-108.716
3.045312,-138.298
3.046094,-118.236
3.046875,-138.298
3.047656,-106.029
3.048437,-138.298
3.049219,-117.537
3.050000,-138.298
3.050781,-128.543
3.051562,-138.298
3.052344,-112.979
3.053125,-138.298
3.053906,-113.063
3.054687,-138.298
3.055469,-117.937
3.056250,-138.298
3.057031,-101.626
3.057812,-138.298
3.058594,-112.825
3.059375,-138.298
3.060156,-107.144
3.060937,-138.298
3.061719,-108.421
3.062500,-138.298
3.063281,-105.810
3.064062,-138.298
3.064844,-146.239
3.065625,-138.298
3.066406,-106.511
3.067187,-138.298
3.067969,-102.361
3.068750,-138.298
3.069531,-107.365
3.070312,-138.298
3.071094,-106.353
3.071875,-138.298
3.072656,-119.674
3.073437,-138.298
3.074219,-120.361
3.075000,-138.298
3.075781,-103.748
3.076562,-138.298
3.077344,-105.782
3.078125,-138.298
3.078906,-102.662
3.079687,-138.298
3.080469,-126.561
3.081250,-138.298
3.082031,-109.140
3.082812,-138.298
3.083594,-169.581
3.084375,-138.298
3.085156,-108.738
3.085937,-138.298
3.086719,-102.415
3.087500,-138.298
3.088281,-114.514
3.089062,-138.298
3.089844,-109.383
3.090625,-138.298
3.091406,-109.579
3.092187,-138.298
3.092969,-107.515
3.093750,-138.298
3.094531,-109.369
3.095312,-138.298
3.096094,-133.311
3.096875,-138.298
3.097656,-105.549
3.098437,-138.298
3.099219,-116.871
3.100000,-138.298
3.100781,-113.674
3.101562,-138.298
3.102344,-116.974
3.103125,-138.298
3.103906,-110.077
3.104687,-138.298
3.105469,-106.902
3.106250,-138.298
3.107031,-113.204
3.107812,-138.298
3.108594,-117.323
3.109375,-138.298
3.110156,-122.865
3.110937,-138.298
3.111719,-113.868
3.112500,-138.298
3.113281,-108.379
3.114062,-138.298
3.114844,-103.027
3.115625,-138.298
3.116406,-108.569
3.117187,-138.298
3.117969,-111.122
3.118750,-138.298
3.119531,-110.755
3.120312,-138.298
3.121094,-108.284
3.121875,-138.298
3.122656,-100.923
3.123437,-138.298
3.124219,-103.047
3.125000,-138.298
3.125781,-131.021
3.126562,-138.298
3.127344,-122.300
3.128125,-138.298
3.128906,-104.786
3.129687,-138.298
3.130469,-120.143
3.131250,-138.298
3.132031,-105.594
3.132812,-138.298
3.133594,-115.118
3.134375,-138.298
3.135156,-102.273
3.135937,-138.298
3.136719,-101.888
3.137500,-138.298
3.138281,-109.966
3.139062,-138.298
3.139844,-112.313
3.140625,-138.298
3.141406,-112.181
3.142187,-138.298
3.142969,-121.257
3.143750,-138.298
3.144531,-104.068
3.145312,-138.298
3.146094,-109.008
3.146875,-138.298
3.147656,-110.000
3.148437,-138.298
3.149219,-116.272
3.150000,-138.298
3.150781,-107.796
3.151562,-138.298
3.152344,-119.249
3.153125,-138.298
3.153906,-121.130
3.154687,-138.298
3.155469,-114.457
3.156250,-138.298
3.157031,-106.146
3.157812,-138.298
3.158594,-101.751
3.159375,-138.298
3.160156,-111.266
3.160937,-138.298
3.161719,-114.670
3.162500,-138.298
3.163281,-110.386
3.164062,-138.298
3.164844,-101.971
3.165625,-138.298
3.166406,-124.459
3.167187,-138.298
3.167969,-109.778
3.168750,-138.298
3.169531,-121.861
3.170312,-138.298
3.171094,-109.058
3.171875,-138.298
3.172656,-105.643
3.173437,-138.298
3.174219,-108.223
3.175000,-138.298
3.175781,-116.283
3.176562,-138.298
3.177344,-128.150
3.178125,-138.298
3.178906,-129.999
3.179687,-138.298
3.180469,-103.641
3.181250,-138.298
3.182031,-114.334
3.182812,-138.298
3.183594,-107.990
3.184375,-138.298
3.185156,-103.178
3.185937,-138.298
3.186719,-104.172
3.187500,-138.298
3.188281,-111.195
3.189062,-138.298
3.189844,-107.380
3.190625,-138.298
3.191406,-102.263
3.192187,-138.298
3.192969,-99.125
3.193750,-138.298
3.194531,-113.012
3.195312,-138.298
3.196094,-110.945
3.196875,-138.298
3.197656,-111.449
3.198437,-138.298
3.199219,-128.228
3.200000,-138.298
